r,s,z
0x67d3ad7cb63e544c269187e734522561062da234050cc4ac808e1d473e4b4498,0xc9283ec55ced7e3fdfc7570063ebf55af4f105d169398255e2001144b7be1807,0x7e04830808dade021c1d0fa14c19bc62b0e066061f9dc712f5e5e31dee4e0552
0x677ef9cbc4c697a0813c2826517b6251bc0ff1e3c818c0b9b379967f59bdd80e,0x5d1433f6c84a2147ae35d241023abad4b9827e386f2c8f382514167e22cbb38e,0x81e6318fc60da08503b42a291db434474606cc85c95e8355e299642e2a07387f
0x72ad3d45fd89a2a6357b14c60c678f0e8574881ca9d9538d896088b49fb942,0xa87a9d6e92ae67bbc15085d43a146d6e2541cdd507a227c1751452cfab553f41,0x6d11c8127cd0c4b3c6e7a0a8033041e8e6e17e34e188054073d208477bb65eb1
0x6ad0236f3250f06179129ec5b211fbc6049dec650df4b27ee7e0cee8a1cb935f,0xc8775efaa6dbb503f59db7933fb79e0e985d091225ec47d390443defae0136c5,0x2b92003a75794123869b108c15e4feb9f99a9dd96b3d26eb18928bbd2d175e52
0x9195ba7f0b8aac2c94d44297376a2eca237bd77437a3e68f90dd03c82f497200,0x588dfa37aca48b40908eba12b90cfcf0252e497193242d02843a36f53369bf4a,0x18d7ebb53f9c6c5b9bc74b53ac31d9505d23649f1052e5dd5462b7643daeb37f
0x5c28a9be8e0f4a07cefa88ad87b5017abde401e117eddcbdbd725a8f0e5fcfd7,0x142b10ba9c9da2f9fd0c931beaf951d5107a3cdb69cae20191b06e197c4193a6,0xe286fc4b00c4ad28adc39439c2b919c60eb9290ab4e4d7136339d1ac65da262f
0x30a60575668795db36708979565e36286064844fb16b10227275fab6b4e81513,0x3d020659b129a1f3cd6e78cb28b453906fab94e5680163b74459993bd74f50ba,0x1f182190c48c70c8e6474acf717ca6e240871c33ac18a3dcd810606180476a67
0x29e6622a450cd82cb0d8767f0629d51ca79a74713f1566ab9430eb50ca7b2adf,0x895b2062101e36d5048034938f4c31713f4198828aa2d1b221b1e5441e49e103,0x17d522e4113e8bac86e0d6020e4818cf271c2318570eef5ac076cbb92c88d113
0x8c3e9b12f6a4ca5f31fb389ec487724369f6afe3f1ab513bef739714f794bbe,0x50eb6331c87fb164c401add553443dc7d89927790d429c1881f3026a72efb86,0x38475c53b285d64d68d4549cf6545a0e2b20f35ab556b688a1b969b48c49a002
0xdc5d2e1074f9460e041f55b98b2eac5fc076eee506c2670ce36eab2f768d7de,0xdd355e5fa69bf4a37734ae7200949c3ca06a35fa7f09423dc71b00e2855d2bba,0xd2d3d16a51177ebbde09d247bebe79fac3742aceb11b8a53aed93735b920208a
0xb0248368db121443ff7ba8f9a7e4039577fff7f48fe62db7b4bb123c9d4c2f73,0xda74b5bf299ee5d14135dc1e1c3d7d284c4eb46c60f151a5eb08bcc66d6a59a1,0x9882b6541b36311f26d22d003e141364177e504af8ba4b001d8be62f3ce5526
0x841df200ba082cf712dba16030e5b8e59e83f1aaea3c191651fde7256aa83578,0xd117b9eed536e883144502ecc5122cabe75f31926068ea68ac743d6c4e3756fe,0x9e4a735136f35ee218e6c75b3a41bd9cda60513176758d96f6dd7e0f5c1897fb
0x2e1d1803afb736fd31672a40756d1149cc93ffcbe63fc987a2793b6b10e10fbe,0xb74fb9713194670299646e2a40c840b3ef92cd83844b521d290e28a2cd3a2535,0x6b432f271a7ce310a6a311cfb9c2ac96415a93a47d697f3d1ff57d16e27d6129
0x7ae297b2001851f150a35ef9a5e44837bcd5afaec80c3e3fc4721fc4836b6d53,0x4dfa12716dce7db437a33803054315947ad4e037e769e85c419bbcd807cdcd40,0x94e863d9999e42d590b9d9eea0edd2f165b1faddcb8600a4e59a6654f1573e75
0x6f256b50205ba00a453607ec3ba63ea6cdfb6096580ab68d87c424a8a5c8413e,0x6c493446fadb17280e8932064aa77da4d4eedd9e2f1e36ca08b4512e8baa53d9,0xbd58b78e1f839084e09ade549dbbe852d06ce193e6116cf35de9a24a0850931e
0x7e699bfdd9a9569f000f19c7173e3bc3a87787a8d5815c26765749c5a0d50c91,0x8afea25413a11c620e3ea476801a290f575c8687defb63f9c9bb774e4a6c7e59,0x361e1b3178cfe8656d940e411d96707c52bb5cec310bcae3c785a80d66cdd884
0x69222914532c1e83b7c0b92a892f36568f116fd2765af800dcb37c912aec3edf,0x61b07e31c9ad325bafbca2aff6e0b5fef0cc4b9b90e65e76edbf66788e1cd786,0x4384114978d5176577ac0078b8c2b1f02a932cbef9bbef699ee77f8ac1fbcdc
0x45f15c152c2058324aeda33aaed061635eeed5577148f58ed9821a057549a4fe,0x2e806d952f2e958e3c8df437f65c3a9bd784b4199acded2750f865e1155f5081,0xc86f14d8339754050f3345fb121b843d89a80b11ece5faa959257e115967bdc4
0xe5eb8d4542251464fef5a34ba7df19bab3ec03af9d9582a4ea7d8dfc7fe8387c,0x2b5ead4ec1ff33905f52afe16d70d3bc2c6fd461232ae884889002f9890e6afd,0x67a9bd935fdc1d9efee66c7d5865bc43b87f8438f2969f99d4eb4060481ce539
0xe6bda2096ddacc8ce34ccca0d0547ea6478c5bc61b3604c966e3b125c427a332,0x2eb7c9fa2f28eda65790d44f1f2841541373e11c6100a225bcf79f10ace8b088,0x76c501079b0bca927666fae5b29a1c7fb25807c6c97ad8ff34ffceb7a295be4c
0x2c96430b49664ccb055636c85ec5d996e976fb810625f7159f273aa2f8b6e3dd,0x810cd0fc237ab8ee06e72ed7e43e7d0113a6a8de3efbb7a7d4039925566e5dd7,0xfa0bde867653bab14567b0bcfbeb9fd2975a2c56181d26d42f724f2a1a4008ae
0x867f056d7af154ef706144cc8f9c7c9c17eed3d7dc0a65257427f6e7b6416026,0x4997c95edea457394854ff9c219041954c94dee7ec4e760091436888d7e1e27c,0x93ab9c30e5357bcb8e832352c96bcf050d1fa7fdada651b2127740fd00b6dd00
0xdabfb8b9b5ea76d1039b4d9942175ba1040247222dfdb3b3acc2988d5c6c771a,0xd479851c4e6b701e15795c3a688e942969493e91cc6f7b3a4324a2361acc53fd,0xfd47a8cc7e21c955e44d06d6c7e6352d19c9385df60f1755f1e5dae0a0a831a9
0x5513d212508a7630398ca11e4997370bad576c7b2428fa37517a8985575007df,0xc021d29368a3d69f0cb334e30967a960c843810ace2392a05ed1742261efd124,0xe8710ee45a97cdbbf3335795ff4ab71ddcbf237c5804273eb65531a869131e2f
0xd0c0418193ad669c4a2b98f0a8a22fb849f9adf0040ae0fbcb974753f8815943,0x7fee7bda34161fb8abf39b32572a49fe711ec09d99ffed4be5dd2592d80902b2,0x30e5fd588cc634e2a9a0be7019a69a4f550089cebcdab672fd769f7f123fc0b5
0xd141586d452f520427fb7da6ddea0cc4f25e58b981c2ceb3f66277867e2e2433,0x59b974f9f49bc24567d7920c40ec1808e55aaa7bdd0e9de0d49bbcffd3f7b9e0,0x53c3533b95f48d04c2ceae92db7779af234feae003326506b50e6c46ebda25ce
0xd4e33b2575424f2e66903e0c943d88461c380d2de2ed649b942827f0c0039ac,0xa727e1a55b6df56ef383df47b238944c502f6812a13b1bc99d0b6d0eb644b060,0xbec8ebc83531fc771fef4c9630a1f740d74a668d34cc1b59edcfa753433b66ff
0x4163c31ff4c13e6bbb407a95b5ab042afb211d0c1f990ce6172b7cd124159c3c,0x12eafd77a6f323bb2dd4d0314f4b071688625743f1f0d621df89c57d14e3ede0,0x5152857608d5092fad3b0516f085b03be3b5cf70aee7612198e0f37829e04075
0x185d5f4d94d686dad3a2865459b27bf43dbab5bec3f6568bc9eee596434f47c,0x3235e58f7edfd4bd69287d99acd35f3cee87903c5d356d63c94049fec709f66d,0x802f68e39f3d98a55ec1962beebae82e6e6afe0c9f2dd9347320f988a763800a
0x7eab331dd199684887cc89a50fb0a623d5f0f973569c4ee11a030130b83fbbbc,0xd198902068ce109330134eebb7c618480baa1027d3c3370fde3bf5f588989231,0xc97454ab8adf2459c1f16f528e0f675b8ef8026b14c760cd4d7f93daae3712b1
0xa93d5e4a66c16e5f84e711df9a048de58b3d8b26665ee6abf199ee51159c169,0x4e3dc7a1ffb0c51f3a95d11d4832ec0169b08ea4afff3a49f7e6af2f5bf3ad00,0x6711ae11a7cb79f513f4905d7c39c5a3ff91fad6c8298b17a8371e499a28aa66
0x91ceaf3702f4efa4d8af76e3849b56577294e652a3f56e5910be39f9a071960e,0xfd7c57e98ca917ae115168d0c2346080ced6cc0a13c57b056e628df9d61475a8,0x8f741a95321e648544542d1ade31c4be016db3fc98ab964c0c8d232105c90bfa
0x32e45f00131fdafb279e9474569bc6949ebcbc5e34236dcfe7667dd2acf9d30f,0xba594b379d7161e5db6100207e6220eaee9e615aad794c2de96a3b0eb60386be,0x1cfab8924ea71289f352f80b28367b379cbfc088d5db18cdf5e90a5ef669ec26
0x5b906718f43a15d131422dba84f6d632c7f5db8bb1f22b09a92add8d38b1b2e4,0x3d11a385b313b62f14b193165d64df2f5fa18531e945c2bd53e192daa4546a90,0xc1b5dd1e999d3ae4c230bb4367007bffd3870527730ba3ddda8b7a3f21d50022
0x413cd7db2ed3f8534970ecc35634929a5db0817a64884e678e2755a80d230b48,0x58711d43aa4f7d9e92d420abc707d02dd3da05966377531b0720ff192010c0fd,0xf709824b6739a5db138902e7d67a0b221a32095bd6a2b13abc69ffd3822d286e
0x8f967175b0ad23aa0e0fcad48cf92d9fd0fea5962b47bcaa0cf3b06424cc6924,0xcd10d48afd357e6939ccc37d98c6124a8abe9219897726b65b9fee5bf8007b2,0xfdbdf713c4f00aac2b705e9504a5e584bc18aafcde33ce4e0fa8dbc3c7eab4b
0x253c14dda6dae082bdfc674efcfe64f5fd994b4b63af714d51c039bec9fba4ff,0xac42218d62d1c7c7d2817e8c8b81a71dacdb766e682e3c2f16e06973919c5be0,0xff4ac973900cf978819fa4705fd2b4931abf64393f04280aae3c468d0e34f57
0xf33280710c1884e79505c35039e4f895ba71e3b63994e581755c21247603983d,0x1d5eae7143b39611571f2c9d53b02aca822b1b10c3c7d734fd66ff2e3e3abf7c,0x5ffd1322e607db04521a8fe24f89af8a6626b51e43ef0e85fbcca5254b380f47
0x8a51a26234031e4e29aaae562dc387d12d52e2ac8297f253397ea1207d2d629d,0x98352996f149be1f6b0e769aff32c15efb4c7ef10b52909b6dbdcc8f6bf690a5,0xdf9f97179d807722995b2a0713f7bc1861db331f0c987da83c01b9841f6ca2bd
0x3c633424e1c60c2114525c1af10a69b600e6506b70244ea7d9839bdb5b05ee84,0xea1bfddcc20c70ff5a051722a0d10932800472ee7aac3bb9a5a8351abee6187b,0xa24e29865e48e92e2b6977d0e254daed5611235f3da3b178ba4395b5f257837f
0xdafce58f2f0275b0e0fa781a23045a6e516f1266cd515cb59685157c8b822b1d,0x7faac82dfb73efe8fe184117ed64f414319ff1218e9c3b8299b99880b0c7f404,0x46f7d270aad01500190a0bd27a86b05ed6990501af96ceb5e7f2e4f090815f07
0xa057131567551142978a2f2020a2902973c2d9812e24b1dab118ba7e1cdb9711,0x8e28e2d96e2d85108bec7e49eee20718bb143b72d170764c040ef649c216926b,0xd9ef1976a5d9512c1f7ccf549e882c152f1f1d4c851d451269c79d164863af60
0x525f5c00c8a2ca63a48360a55609c8c1820a67e9ff5538db609d5bf688c66779,0x874680d8c1aa2649881e0e078a0927c0ef700ec0c8f833f9a3626bdba94eb906,0xc2808fccbdd0bdd9e16aecffe1eaab1f08aad9156602be6093b4603631c06825
0x131fd75052923d0881603134a72d7e0e44b64a753b96bc5fbf37d61760af7d8,0x8b98af2a618af718e6bcdef522544503087959fa8cca8033b98794bedf1643,0xa9c1f9045789e6e77c40c51349d72b11787b409fd532487ed872ff0ee2a01610
0x240d8e494007cdb2ce08c131b3ee131cc39075f7ba202bbc5c5ccc1aa063c7f8,0x5784fbb6a1e822ccb7b77b76f4d67a684a7e68b9f0fabace610abf5703f14f7d,0xef4bb10757351a9e6253253ac2ab8c8677379c86c4d00e3f9e691e68568a18fa
0xc861fdf1b40a1a35b4db800bfbf8905adc6101c5dc15ea6013d5f8c120d29e17,0x21592b2ce7cd756029eef149c93be552e797e31a57210bad86cc788097e6ac49,0x161c511da9098f2db8ecfbbe6ecf7777afadd3174d1740eabe4b6bc447b488a2
0x7516c40e3af80da30fae9d20a772d2d0e0f45588ba06c9338604537e49fe965f,0x4019f0c19d7c3d27852792f9962c6094ee07374feafcdf8ecaebaeba29eafdd5,0xf4de5b613c7aeb4227c50e7c2bbb010702be71edeeb6f3be5f213aceb8646e8f
0x6a95aa8f8eec6256d617137141da77a06813bf4f60c91a035a40c378d6eb956d,0x4c21bc8e29e93e6afffc6011ce971f187415dd55458f569677bbc7a01207dced,0xa6fc48a57006b54c09c042b2df6c5fd8e960c53103f255073845bdfde7cbb898
0xefdda2d4179c0ed66e963f30f05b1b7bba7ccc8468fb488e450c241bad025f11,0x6d54aa5088431bc9ca4864740ecc9579b69d0379c36c3ecb8e855fc4b7dcb886,0xd3b148e5c00f5edfc6501436f3cfe2dac9428363ad41ec4938bbc99b1389b0af
0xae6e2ead549c47140ff2f5a2dfa7d338f3d3b95b815a367d99a21b6b49c07462,0x42199a327ed3ad4e709831f25071e0985581565010d6596fe13c6883dde5a668,0x809a7b6d1418504d319a8a01e3fdee6b478495bd2d0ce4557e65ee8867ccc01b
0xb28d503087383321f3c4b30f778afbba08f4626f9f276ad386f045263ac5cfc9,0x3fcd71ef7a3e77896ebb4c19b103f8a383607bee0c0ab897cb4dcc716149e7b0,0xae50594265b4bac8051b7b292ba52fbac3241e3e3d729d1795dfb3fdc61666e1
0x8de7a8a4ab07ace8078f830d307011c3ba5d6be65dcfffa8ebb83b4e78411ef6,0x788cee5fe81bbb62f6d65aa02297042653370622dd793a97155a71505d2ac398,0x99e4782d580cb3112f668b67661469417b480914c558e1f9d5be1134a4d1489b
0xee8490cfb2b900ff1445cff246d4bbbd6aa080c138ffc499b03c4421e1b8d111,0xbb84d0a0d40ad6d1f3a56404aaa8c4861def6f36c72bfec7773ae6a9dd7ed9,0x6ba24b62d7949be718827d8007b2990bb64d24b343c2fa87089154c7b7818638
0xa402d44b17857113d69d896998eac1b8351d8477a96aa78a9d06f01b35daba16,0x3e5aacb232c9408c24214a36eea94fd8dc0913b4c8e35802f56a361aa5ac0fed,0x34ab55e4baab91026cbe09f935684ded24a3439b8a135fe98bb701c32ebe2114
0x597b922a5136a237c46fd879e5d6ad8b37869bf6c278165ebfffda53067620e2,0xc485f695831226bc96cd0d188c491cae3eeb69a62d8c2d68b6e077d976eb5d3c,0xb7e54b21999eb762eb226582c2ad76da7783de6c756908307f2754edd237ef8b
0x5befa290fab8f5c842ebc50d19dd30b62e6767b8e0733113d4d401e9111a1da1,0xc2456975a991461817ebfb3874fc2f3fadc7212021f7a9359ebd7483873df225,0xc2f9588f408415345c495f80191dfabf6bf5dfa302d0c55e6b79de6fd92f39d4
0x71a1a16d3c6d480b7e4ebf68730e4daaeddd883d8639ba1ee8093971c8ca859a,0x31a8d0e18e6c778878a55eba4ea432afd9fdb0e874cae7fc874f8c938975e8cf,0xb6c7025864b2e56146cd1679b689287375460b3fd48c97846fbb998d8b6b994a
0x994265aa3e973877a54cda727b019dc92e429fab00bc67f3e48b933dc2db6792,0x41f82547b5a40009d6c9d96891527ef25a6ff1a304ade85f8c0116df9fa5707c,0xf3dba58a873431258841b8fde520d66c75c2dd08a66abf74066b55ad51dfa044
0xe58bbb8c645bd9d218ad4970c7be3adc9b635a5125e6601e88ffe6500cb534d1,0xfb21be07a39c61ca5d03ec24415b8b2132e74f2084543efb9bfaaa77558b59ec,0xadff534e930ebc62473ae183f6cda4ab942c74a12655a15239ff74bbf39e3887
0x3f0d35b0dcb853d11581e19c7d4fce25fadba8524af6cd226b4c21f8d9ec83ce,0x9c22bbfe456ec5f01be7a9827a05520598f291ed288b86b4c527417ab3b0d77,0xb02d19adcb9f1222303f364dd846575d565d639fc937015532e36d3d00622369
0x4adafb02da9dfb7fb267d68cdd36e8378a1ca0ea05b87c30cba60b20f6c25e7a,0xa93878ab62ca76657dc070aed6f20df90eefe5c15b8ee2b59fede571bcd1f80c,0x1fec00164ae4bf6f342b7fb773aab25537597ad672ef66981a5e6c6966e6bd1d
0x4d4937f136d523d479a811a7980e404c00da4e623978d715270e3942bd66667f,0xe44269e23f8524b8fef917a9a6a207425f6b79f262071da8066c756d49fc4fb7,0xaacaab42786f606da617247628a0b9e7c2bce12ffbbd20dcf196610ecacdba8d
0x58165d3fb2e13dcbf6a13a3e11066e9322c3a779bffa93535abf6eae9a55014a,0x144279079b9b2157fc665917353111af01ca2c7b89b4d2db6f0a787f407063cb,0x8c7a6df6cabca0ca58597b6c1c623f4fe06838c3368fe6fe879bc9a299b6f7d2
0xd85312c5413156df1e3c01b2d67b44fa57da4d67b477c2476f01cd03746e7216,0x65306163b4d189aae3d373f387da7a99a0ace60eccf1f0e1d8e3b30a507dc12,0xbea3018f1372a0cd032731f6a066cd24614d4546616b509c0adf85d1a1c9c250
0x663f3b006a38ba29bd5c8bc6ae74c8f0dec1c0361f65639cd6ab7dd37d76965d,0x6e3d3330453ce394790bb1a331e73b4e951b4fc5b0f40ecd18674c75f3ff417c,0xb3f05a32e52c49554d1089aa68bddf2701b0a2d164f7c0e55959d49afe25af30
0x3b20a613c0d6e720b056dfc0f7cbc945b8f8f9e679b2edd25c2cc1169b305845,0x9ab8864a6d7959df1db2577be448da2eaeebc692b408123daa2483555307ef50,0x2a4a3baa72fab53ce6e39618bd840e921dd6be5390d418fdbcd3063fbbcc5fd5
0x8ef230b0adf12e1755a4542297b6339496e5fe580771a90a0f1f219002daba3,0x3a32764f4c876d9131ad706b89eaf324e6b3937704c06d0d44beffeb999a735e,0x29dd3fd80b88ffa0a2b90dae7605514ac0f3015180797520ae9399ace28a8c5a
0x82af524fcab0cdca60c8f20477ed67d36b231e5d1ca10da94726a047b9636324,0x23d6c0806ac695c5598fb4c196dbf59657d1c33e29b76c81e5567e42ad040e46,0xe69f4162b9a239322d7aef596a0ad77036cf77de732e3523033dd2e29d382449
0xd01ff646e9b5109f67b0252c949fa4ef105ff938f59a1f486158c80257b63f68,0xe83a9aa8f7967d10fbba4c6972f1b37af2d4e269951db66bb235faa336d00fae,0xe113f2ad080ef94c0d1ab9664fa6152ce3db7720bffa98099a0a37a1faa96fbe
0x36e7f1ccd8af8c1cfb1b8d887c418b7625e9a497769ef48ac1c87f3e15c710d5,0xff31fb034f78ee82856c6a4dc0d83861cee8d8bccf5669137961908facace830,0x8498b56b77faf7524e07c2f311335b9af24582d3825b52798f4ba848d16ae56a
0x616657d8408185afc63396c3e35f0b603d343ade5a919b598b7bb71c886a7847,0x8c66c6a7d705a37153a9b395218ccfd46f56e47a8417008b26c14decdbfe6ea8,0xf70e203ea4e61b633082769be316c0586d4776375000af2f48aff9efa43546e4
0xbb68ded87de07b4f2ce1f62e04491baeac1eb0f0a45df2158547e3ca4f0dc026,0x7fe8ef2b7f0b08abeb6db6bc4271e6f45b60555df25538ee3f1b71ce2de82a60,0x9165dfb7f9c79f03fc4855c2504b8a3a8a170c11df45866af76bf32579fa7e00
0xcf93d25724f17543e1f5da153600258e45f77fdf88c123712fc2376d667e45da,0x3417de6aec1128475065c6c7acafa282e33ba371fb7d2ac406673ae49845ff27,0xea7b102dbd5e658a505775dad1cf05d4195ec8ec96ab696ba379f6febfe91ac
0x45c99b35c44fe5bcf9cd926de4d3321f4ee820462ed7173d415a8107ce735e4b,0x78f7d7eb7a41fac60119fc7eb747a0674c26f67b9cf1a91cdaef000fd6eb533e,0xc08581d5800395ed29b5e6c5181b1200546222a9151024cf483fcb32dd4ca369
0xa14de24a74d86f807ab35ccd8a57105f7f31a435b6858770a326c9fdff65184d,0xdad9e42d7e7f8a4240e06edea200d301c5527ae0a61cc74561a471664dfc1772,0x92cc2a5d8f8747c05eef44d5e90b81af7d58ccbf369fa7c24c811a18a9cc6d18
0x6f15efa3c0227af4eda458c64a6ca17a35c1bc9162eaff3a7a6cc0aabdfce4b1,0x2317ff48be561cff43db6f58eb28cb3404c65d556e9c2ec79b05af4b5393f8ba,0xe7cf145656aca8069b1b2a97d51a7405342015c5982b6444638aa8db8486d3f9
0x2886aed5ac2325e6a132aa05dac4fb1cd2fd9611b727270b7bb88fcc9acde84f,0x92726814f1806e9c24ef5dd53f608f1b22296ee0eaaea6c90cc770dc7b000768,0xec70c58192c4f99979cb15b0b65e4c28d89ae99a67fe57d86c220e276ac308e8
0x987b5a678391c2119a470e431e05a937fbfa987522c36da3f0fc56eb9cf942be,0x1c0594640ff903f691db10f27fd5e141ce248299cbba988b798d1367f357c821,0x584cd76eade2fd34f1cfbb046c873a699867fa497e9c863e6991cb6889d711a2
0xcf1d968f648097a7fd4caa4728dc8e55a7c88d94ffb3642a4356cb3f88d6bd42,0x47b146b57fab176b1342b4348fb600229040966168d4e4600e6912f09afe0e2e,0xaa7905beb964c273966bcae6d96919d7ab3052dc5cf909552d0c67ea14a8d161
0x228a495333faa848a15a1e3280be293d8cb9f929e23c83ae12d3fc06fc215291,0x21f0decf6195f11d019bca70652e9df7d3a6be1112f39fcc9e31e07d73542cb1,0x484aaf9b23c9abdd9e961a0c484f144a69e8e7db9e83fbeb110a9da0e142679d
0x6389913168f6db96d957ae16c688dd42150321e563e6057915c7dd24783ce5ea,0x5553ad2708262afa27c5f7f54573d6c336534a777b88b816b460c053f737289,0x68b0777a593abdaefd041178fd17bee730a7f5cb1d813b9afac504c0365094a
0x24d0f5f6f0f0465f702400792d93d0bf606fe09491b1c6473c946e36de787916,0x8df2a6d8cdc11aaffee75ce7a954f8a8591d1daa541355ba97785058e3c5d7e5,0xe869df4fc25e791b8ec7eae5f38e45e7276d8df468b94a1e5d1e18a1a795cbf
0xeb3417428d8a95a33fd475b9bc15f7b246c3fe798c762c98824749c3e1411954,0xe624c64b32b9ecf7cb0e86e459c1d0f8507f35d8b86a3b59ffac9edd747796e5,0x5e2d8ca89f92e4fea1d31f13ba3b8efe24b5fc873cd649ed7c2b8921d5e3670a
0x86fff80fe2511c30e7aff6aa7cdfbe4f843d167c8e8daff158afa827407e5398,0xed1e02d9f60c6b40b8773c72e5428aa5cfd994d587767b579afd195eb1da6707,0x4da1d9ebd78dea239fa101fb04e3b4f1d126da6b2261dafe4018a5b7363d03c6
0x544e2891cb3c86fe6015e702a94b83bb44f5b4cf092c01eb3dfa336263aa3a5b,0xe268eeabd2b4c96a8da7f172152c893b398c2a82dfb56eef2701e8ae967d22e7,0xa66fff1d74be019b41aa67655cbb1f60a2895d349582295c2a71980f4a6f06f6
0x53bd58b54a2df42e403f711adaf42b4408bb488d8f898f676e547b87267b5f0c,0x2aabfb847f09233d8e4ebd7e909efb547cdddcf57be419757601d9f2bf9847fb,0x884b8b739f52cf4ef2455aa6c7fbd0396f04ccce730cf85fadfd5b7c0a91ae7d
0xe793c8edc613cd255e234702416cfcc02e0808c8c3b628ddb1447bd69b09f4d0,0x889314bf6f76d0841d976b63f9a3b324d6b07c7b7ca168c84cb839fe6ee1b28d,0x314329552473abf4e39364ea845b613fa7e32909c91163ff2fd90680f4ab0a3f
0x4217787f72ad36ffbc772ab7e7b13353bf03ca5f7c8808b78f00059c257fd3b4,0x5ce3269cb3e594e78e44928584badeedecfd4e3dfad4537f33c3b714d392b8ca,0x84a5e44adc6f9af80fdcc6c014bbb33891cfcd116d18864d5de5f88a8987d170
0xc35aa4396f15aac9bbc8b38fc12141e1018008830b7f6474af22ebdabfceb8db,0x7a698f47468520163649cafb3e541b8235c279e2a56af704de908e0572189d9a,0xd2a8e044c6d7ce557749769a7886161d6b26f3ed611cda881ac3c64c900e4984
0x304c38fb8345303b67128f9d48cb5566b2573ef79f93930b8d0af7edc4a1092b,0xa93499f3e5a841b95d011bab31dad1876d1d98cb70bf1663090780a16046d961,0x43982f93f51255ee9fe74fd0febee39b6796f326225bfba18c7542249c3effdf
0xed380a4fee7e008cb49f817c0e26343a0fe0b8e8004e6cf2bdaee95fda4ac87c,0xf470893ab2618cd00f9efbab2fcfd8b8bac1a305356f804ebadb2f3beff1a564,0x48490b21958ff3d6985e61fb4821faa489319aae629d3efe00133fc92440aab4
0x5874d888489f3bc4325b4cf495b5485b68799cd557e4fe01d30c5a0511cb81bf,0xeebd0d9e4e313a9b97fdf18d323be30671217d8b016902a0978781445cd1873a,0x661ca00273aac88f0248eca1b5353dd6136cd0f5786f6804747aa80f6fbf6ea3
0x323315aa5780c7a019317b9c31249dbe097816e78c8203a5bd4105897bbdbef8,0xd39966fc23bf11ef0aea5fa5fb27088548f3aac3e6238560dce33b561b871a65,0x47e0aef8c4018beabe06affa1be1032ba6e15216ae99b562bbe54002063ca9d5
0xd2096172f9609b7e5c2f28172d7bc32d7074f20f75b0c0052dedb328d5560de7,0xf7201ef812b37859ae6192b2b02cc48cd42bea8b9e278951b318bfad0de8d2bc,0x757d309ee60475d4ada8ba975034fc7b27ff897f12539752d3b45bc55b2aab50
0xfb248c15da2ca88083ad7888dd07de14f6381bfa8d590f225533e1571c5e0d23,0x5187c7546d438a48d0c3739207a7ef395a390af68f8a3663e86799b8395757d7,0xb3e471c0700e0a94347401f5a36d5edb1c2fa5d4c6f7ba48f36d7552d2896aae
0x71e994ee8bae242e3d9e7991dcb46ece560295d17ce6653974a6175f4602da0a,0xb1e1b99e2219efff6a928c1a29175d21a31c84f339c759d37d6a3bc21d8bd84f,0x2d0a534b48e53e612b4206524a8269de87b173906f55c05c038dbd64fabed8de
0xbfcd4188e7e7ac69d1dd3c6ad72e1dabd5d91ae6e574bcea678816a8125ffd0a,0xcbcb98f1467739db0b36d4477037a779cf4b02966610f2c1bf8477b31f27f0a0,0xf5c8b14923b60109fc5733ba924499137462579fa271ffe234999c9ce30e6be1
0xdddcc146fb727a2b526a6dff424adf41eefa119dacffd6f913b864f2588849bd,0xe7a54f4c360e668cd48556c6d385c172d13b95f171f898e0b41d28ac87e48758,0xb5c220679af4b48a9edce61b5ae19eb9ae58e423b3ae8ab58a897e694a130a07
0xf5e0811905167f163407a269fe86892cb70f14caa08e03d5f2be45ab5b3b87c4,0x122894910ec6c566c8bf0dcab49b9f384721996deca00dd8a1b17c6be0c7e2a6,0x6875034f5ea71ee76259eeac92d4d0008765e3bce11f18bc03e7ecb337d058ad
0x737690a91e788b8a777b04043a57a779ff591d512d0dcadbda79f1e0eb449790,0xcd9e4e0061001921015df4411c21feadb0416a799e4df8da2757313090be9315,0xec02a3d479c3e47d64e1cad8ef8c4ad478c8e5b808e59aef26fe7d36bb5127a5
0x277bb44cdeef358e649e15064ab4da62e7484aa3a43be5bd1f3163912d7e7835,0x12e1248deb653c86e88ae885846fb8af2a9d9722c42d4c8ac5917cdd458b3fc7,0xbba5ebd70b7cef7489540cc79dadede5829146a96c8f31669ae171423a64f338
0x9369aeab3e14ffbc794ab8d06398a9cd6273125d4a601232acc86346c6d9b0d5,0xe1ceead2b716d320128a73c7e2fd7c22fffe99965254857d695fd6096f31649a,0x36b203cf216356f2628e1bfb0bd1ba374c2f38adaaec62fd91bade798f365fd4
0xfa73ae1e5384586251952c85a7c8f3995e38a6f390fe25c9b8de61d27198b82d,0x7453453955194a03f834131bb3b900611a3852279da3155142ef20a59316b5a8,0x3065d3ed327784e4ef6f16d25c9ebb89326d3b632b711683f76b857f840b4889
0x432a931276286da75908d108aaa5ca23bdea625e54288220740e6867d4c59019,0x3c02081d8bcfdfc122b2743b929e671959f4f8faf52616c7c666e0047f72c09,0x56202abfe173ad4f13d4a3b56e5addf3c8f02dbe05574261a4d159fe860c9efd
0x5bff1c53e16b27fb6a32cead5e15a56974693bb1eff3d2a9212b10b2694cb7ae,0xd4362bf46d2c552047e7e31699cbea355c5935a6af105b4ba2c7023e18627abf,0x1a92201b43203546619ed0d3f2e52a96b8fc4c91eabcdf243371fd408efd9055
0x3dc633901286a2e0fd56a3103b648ebb1b5d08856a46bfab69fac8309662037,0xaecf83d86520ae7452cd6a41bdf5928a4c5aae1cba598fa0c14a388f3defc1c,0x160663496ed7917e4da9fa501828610e78d12233e7aa1565b5bd6fc49a3e4c7e
0x46a61442ffa6022bf43aaa522827e8f9f09274d9be231d2fbd3578c116c7fd3e,0xa42bb5aeb6f08e14530736e70858975e61894b639685bcc82646493d4bb26e01,0xcf8e04a4136f970c3ccdd177aba5a766335cfdc78f05e36551d589540e4f5220
0x9a5e02a064b40215e36a33bd475caffe937821a50e201a0275d81121c8969c2a,0x4fb1fd8bfb6260019099ac09d0671012123311718a4177b2bb28b6f46ba97008,0x467f2f8cd54900d0b0a90a1301e3a53977000e3112b3d40236eb6d3670c028bf
0x4f4312be3f8ef69560d344253ae39e0f87e3690255d396575e91efc84184e6a7,0xd8a040df90036c491b036f6733a90f6cab438d5bb6e29fa65bd5560c69aad103,0x4c4a7b6a94ec5e94dc6d2dd18c979556b51f6d43981fa4c0fc6753fdf6553b3d
0x9beb2b542984150c69563cdafbdc1cfb313c44dfa1c9401699348fe883bcc4a5,0xb4502f01945515da3eaec432833bf272f004c14af739c5c142aa04b54b69d62,0x22eea576b6c80973f307310793fc464ffc0f8b0584ae0c7fa083371741e80a54
0xe2281ed83f29d4707528ac099f1c51c5743f37953ca76186cd6c5efd948f8121,0x3cfb699c8666a86ae448484132365d8a40b5645e6e00c165dc2654a0f05b92e,0xb72a3e4ce80341c1f7c37754963ef46592fab35bdbd53250572885b099c05261
0x8c9d5f4c8e8fe097915a5e491ad7b18395b16c31773b02fa62f56dcc6cd098ef,0x7c272a0544af9db1aadc82dc7a95efd2d6b413217bc51d91029519787eb0d16,0x2a5cd3e9b7214a007fb63b21e1e235faa4b1e752d8e4f85217dd411ae80778ee
0xbf44ce05708343495bc6637557397414ecaf734b6038a5c6774ddf226f6516a3,0x493f1d3f2ec4ade356bff022187a996264df2bfc9eae23156bc52ce83f2cac72,0x42e6472cccf043c0040f5945b62a9156a54bc81d4bd216cc7b979a7dedc2df3
0xc059391c2543ffc7e2b3ba4a683f016f0d76e7c35293ecccfe7ed4bee2bc2c9b,0x80f8844737dadaf3811b59b199b9d050f1f954579c8259d6d9c17cf090261757,0xcd3d9d6e0cf6221ff07fa47ea9099fdce7e87d30ab362a6df9b3a35abb2c8509
0xa24c613792d008ebf3616359ca3d627e25798d34439ce8f9cfd51b9585b5ee3e,0x9a29d62d8c0ce162438dc31ccea5021cc66f7c8607da9f65816ad91d1d418c47,0x8807a0924efba4b14380e7499f16e706fa5e50dbc13d03523649caef2ed8077f
0x85cb2871f24fb409a27bc6e462ac2848a4e77695efbd2bf4607c58676a883c67,0x9dbb64930a46ecc34eb39b4a42039f825b29e1680480a7b3bc613cf41c6e2c0c,0xd1231bcfa4193a34f93e2c0bf1eba4ba4cb24bd9487aba036665ade1de2dd678
0x234c1a0018d06f593359d3277dfcf9179149ff086ddffaf5aa7d1ab733f00c04,0xc2955740d764277c6c2bfda58c1b39d251354e3794d64dd1cc24b25ccecc9043,0x4848985e30f84a4cea9e1853953aff38978e5199bc6de01bd1ddf97821e5043
0xf4d72a322b7c525568a12fe660572186265a53d894a4666b7b452f26af7152b7,0x61155694aea055d76b74abf7d3950c2d67b7f54ba7f5fa65af4cca30159bd41d,0x57f7ca1923107727ef4adfa2ac0a3cd1d9d929048537bfa1a442dbcca347a0c1
0x75743f5e374c647f196b05c8154c84939e4002b4cfcb04d3763453c2924824d,0xaa49dac4d322f6e3324f33ef69ff234ece19e4b29be1837eae69e9b53b3b578e,0x55bc6cd0dd5dcf550158e295a4f2fbaf639f4e6bb547c3d499b1096ab0a6ad5b
0x401b6938427abafed49bf3da5e950c2d53324f9546ed6bb38cd1bfeba924df9a,0x4b94b1863ede8d02205ec4f39507bbd2e22cab653e5a863c961ee28569e3fac8,0xba2907019bfc9092e0d77041b098c9ec804394b609e843f58b4a207e4b370f4e
0x97514f2c7de9d2464c917925c632a4e96779ab0ad03ae994cf20675dd2af906,0x366ca071d4795c147822ea9098921534dbf30fff80e326972406f6a1c887779a,0x54789344528d7194009f3d8a21bce7e75878de3d0bb4ab795ea2e5f500a8cd14
0x518c710c21901bdf2c25022f28cac48b44123df04fce71c341d1051c47c6edf6,0x72f61de8ea56d4b890f7d350cbe42a095502a4823aefc72770eb4ea4c2ecc252,0xae196d8cbff5fdd6e3961739ebdb49a742ccee188012d1a5bfc6c3bc174b1613
0x303749de3cbb05ee5f1c33632cce9317cef6dfa0b43b48685980c79928e02f1b,0x7057ea06cd181a01c889ccbd93202b25c61d67da4adc308de5211cf3f9b15029,0xc340729b94a71f0656512a50d5cd41cb3746c67b08f96bf694c59bc51870a16a
0x8c8d8fad9a0800805f621e92f42830e7628edf65f3ded063d779f89bdeef1616,0x23539b8dad778cc559ccc610104500f323ded36efd63be44cd3b35f8980b54a6,0x7304d1663315f9785bf1d1c4fc112f951beb618ebc63844edd9fca5e3a0a1a00
0xcbf490594710280333780e3517920b0291ff49b828b6140560e2148096b884a6,0xa2cb40d2fdcb69f166f9c4e179a9404aaaf0ff9e39bb02b35bdc3e387df14872,0xb57ca13e28682fd0b5bd345b00eb4b3fe6da94dc0ce13a996ff30952dd69cf19
0x2c96938749f570584178d3fbfb27027ef189b22a150f9b4ea0d5ae1263d9db5d,0x46baebcc1ee53858dbae3093c5abb0fcb488939ccfc41d3a1c02aa521d29308c,0x820cd41922ce2840d456b46f73fc0664c878cc0f939bc0559aa002c2ed12d5dc
0x939643edc0fc9ac84cac74dff34838f1f7000651be9f9b67008b227406834cda,0x1cbcef6ce55e26aac5347ce75725482b32e4bab136352040507e89f8c7ecdba6,0x67bdc11f1ca413771d9d1d63eba2d085b9672291c0da52456fc8d20b4abee9b7
0x70b5faeaa1a6fbfb72267c151ef939c88f34df8c7fbf3ccf739f9e3e25a6da79,0xa51f591e9654f5a3d301b8d09a3f3b8623cf4d2a421e0452650f2179523f6781,0x149263d4007482376e8370b0d409e127470943ce751bdcb298d1cd4c4b1063e8
0xb3ed06d5a098e7b329ff2c2aa0970144d34262bf46ba69b0695dba67b7083db,0xb61aec8700e25fe354e273e0125539e786bd6f8e7b9860f8ca6bd03404737f23,0x34c006a194e0fd647e3ed3ba58d9716aa1c5f5a7bbed44511f43a3e0062a7126
0xd83c33093ea81b5ab3dc43d193c17494e7881b13bda911a773615ce739218847,0x801cd0100954b2f7b64ce8c538cf7cbad17bba0bed30d1b598f8f716eb39e270,0xf3600c024cf6c85806ed60b4136dab74df0cac4e2cd31d4da31863210e643634
0x900ecb042d0a6b30340cbe2d9846d678863cea00a240774b76fd6aaa4bc6a0e9,0x2a36c97c2aecae03d9e00e7d5a55824bfc5231d9f7ef688ef4765c61ff009ba0,0xfa2bb801c7c1f04fcae6b77462cfd64f4b4691a7774c37f03fd1664c64fa6df7
0xc72660689d95ddbe4639c2aad0e144860cef8262c8d7a48c16b86351dfd7855b,0x9623dc5ed0089e871522999346c61c560f0921fccfd8b19f702911a7c530b6aa,0x59a79a38c1974c37a3db9f7bf9d8bf4c8c1a5f768fcf0c952f6bb10b1c6d4cda
0x90d6fb844d06598616232c81e20b82f44cfe03ce20df2f5fb6a3ee3f076f7189,0x7e0c49498e720b0b077f940a6c61ccc139da7aad5e6f28334fa6369878bab470,0x373073a08a84cd24b728b65dafbefe9ee8dbf005d32738fcccf6c00bb097a11a
0xcb574c9b12f00eaeb006d13715b4f0d6f10681d2ddd363be7e0c523f9c257f03,0xd1fa4bdc6fe04b7d0d16e54276f5a9104853575a0210d5b4fd11e1fdb7264338,0x5018c49e742d9379b7f0c6aad28146770750cb44cb6801315b6a6e0d64900d55
0x52b717a796e9a5032ba0e3419ac3d893449e5a9330b6c0c68f0199e9a75e09e8,0xc5fd7886b3de6297e0c6a3559e0abbf6fc9987f2ceb896b772541f78f6d44d0d,0x1211cff891e0bc50bcf66ff1150bbe1aa32cf08ab221f9bf7473c1ae61f21019
0x3235c509438aaba1550470f8f1f11a10eb18bcb5c1e90a2e4b1ff54558b43dad,0xe0d4c3d91911e06581a8cdc1e21a2627408ceafed91071b2ca8144bded4148ba,0xf8608585da7a2fde6320cbfbf58eda6c13b6ddb3eb2bf1d57d175b5f5a4bbde3
0xeb12110ca7fc0901de60cd16b5e591f99dcddc6bb9f425cbe3a07f2124a4c7f2,0x764fe5be4c8d2f834c3d43d7ac65f725e075c37b62e63c4ee109f5db72664a0,0x67b17a3a8115b191f4a341c1eb224e23b63cd308a5b9d66eb2dfe25ca6996ab5
0x33ada67647cd947e84f9f2b3828004d3a7aae2799c69fe569633fab5214e3023,0x49c758bffedba121099b816d724dea23183a02d518d32efc53c25b4b6801924c,0xf77d4ad0fae521692ef17a1a34d4816b6445de0983a2bb562a8000170e803d52
0xd557fa3f3957a2d022844ade2ffed8a9d64676f184abc4ef4b273e4935eb41bf,0x7894db2e686a6df63673431eedcfa44b6ffd439d9e5b404cdb2816cd197e0c23,0x643226a0a8587dc456874b162dd76ccf76fdb16003c7bdc13e88eab785bef973
0xcdaca12ef89e8980ac019ee65a1872dc9a01283e7f751e312372c844decfc35b,0x281d64bb97f497db37323ff8b975af1d3f05a61cec9c670aab6ced608c1f02e5,0x598031c23735d5e49034c61595590859d93ad81e954f37090eacc52ea5b963f0
0x6c864caa68e2161c1e0b7d535e4ce68e90e53fd57f43dac672c0e12b86663594,0x25a4d756f142f0a617605cfa95477cd8d33ba745b1ac55f086939450f61dcc7e,0xb5397e730e2467ac7f104c4b6883daff40fc11b5239ae13325797fa609ffda6b
0x2c35c1bbded9722e2de52a335e2b84618af03400fdd9ae076270fb71061e5dfe,0x1a4f581b93cbfd486efe1d3c1216959de1caba9eff90ccfa7b7288caea147c58,0x35a10f0b96b7d0085d5fc85604ca30fc9ebef0381f92f2b728a1b4859ed3956d
0xdca7c271368814b8d2995e57619c88c7776634c34ff9f10d6dae6606e60bff32,0x16cc67893d835802e47abd18a6247ca047264e6442d8ccfefc5178e90c7c358a,0xd3c318483926d7e121652eb24321b64fcb263c36782cd4456d1da00a50e1a3eb
0x6fc12dcca633463e1cb2978839cc0e4f833c4e8bc4326ca9bd84be04af9abf0f,0xc5df7fb77027d077df639563240fe9a5858fc57bf4a8b2328cd05393b62362ca,0x3b4d92e26197169257524132da5ec29fdfeacf6c582950be2feb6632d2d06c80
0x11bbcb35af53e279023f8f95ac0fca7bd1e9a2afc406b0a096fb9b4e6ce8b0f4,0x88b19101a24f33df5447ec2a9f8255a725f1cc4189bbae9e8dabe6867383cf85,0x991cffe392afde69bb94ab62688d03f05593d1b4a6e783434e012255f0f50f74
0x6c68cfb8f993d3ed9ed4d01d0bea7b7d25120d8e4b3038022734c075f3eba15d,0x20ee7091e34585089aff9a5a4f963f3d1e0703a59e9430770bdae0bf80de48d4,0x9362fd57b87b2b854766832e3f98acf97d7d944bddf8f6a391705c60c1ae0bcf
0x4d989aa636fe1e79d727e031fbd7a079e347c338daa87ad531b0ee3650804374,0xf9b455b223d78245bd13a7e108a2dd6741dfa37f099c6c53d07b88aecfd6a04b,0xc2d10eb65963a61b388ce4356aaccf0e80bcd11a0c835f5be62d1725c0ae9d4b
0x50b66e930cbbd534adbb87fb0d7085ae0a6348ea3ecc065a028dd3b82de070a6,0x3c29f3474f451630e4efd9a4b157ce7ad6deb17a03f491424c11688a466eac10,0xf7501c85324c9c98c10bdc81fe180b42a294bcb4ccfb4a088b9861534dfe5e64
0xc27e0a015897ad594f9fee9c6dc669067008a63c4f11ed089726826380fd7ddb,0xb11af731e0440240bb93d2a641e09ea8cf77c666f29a1f253a2bdc0302b2ae44,0xb5a26d99f7040047889dd46ae3af6a9cd6afd55142976df1b0c2f34fd9199f29
0x396adf43dbb4e06923b278425a253c56dad16e8cac2d8590449f748185a4de83,0x7c7c016402142563ffa3465fec191ebc29669dd4e428dc7282e9aeba9f6e494,0xc4e7bc72da8b8507e86b891c72de505fb9c1726525249a2983ff8e3cc687b30d
0x8b09079b148364cca3e96701b379158276892bbe0d87319e132bef455f9baa23,0xc6b73b43f8b5a62481f69b32e429ababb0bd1e496c24525a3a2e05864b9726f0,0xf61fa58799ef61a7f7947adac049529eddcefec635154e3ddb2ed77cb027ded7
0x86e972878e7ffa26ae18be5e431cc12edd3f4df64d98892fd07c92f13ea094cc,0x9a9fc1d506d568d00303cdf03267679f9b325310a4a537edbac360c59d11a6f1,0x42cb474476cef5a03cabbd13f4956d8cb4b7f5ac6cc9e1a4a917404490ba0aa
0xb0ffe3bf38d106e7afe5321201036012cdef2920153104feaefc2dd6a7264b22,0x46752cab36b39e33da2aa330205f16f58cd54ff5599c4c76049b83475ba1358e,0x1b4c46a9c2e2924136418ab76814c0cb3e6cfbddd0a8df3e29b75145e37632d6
0xac62b61ff60532a35ed72b1be0383ddd7748076ae61679ce8075c9aa757d6415,0x3d0c9fa04eacb856364be5e18dcbf191ab1ef14beacb70b384123ef636d1fae7,0x86cf9f7d2b52b77a11a4630177938ecb3b6bcdda07dfc99a611ff2df5517aef1
0x64fd5e9811f568b0a3a1bf5fb13b79e47c7ae99c17f1493531ccc12fb3c0857e,0xc371da0b53b46c601cca609526039c7fb7a226aa6e1009fcaa868cabd5afae1f,0xb271ba2ab247eac4e9d195365d27be7f2b1b37712ec84cf7f016e0cc53b93836
0x4f82183f07bdf95b990da9fec37a4a1379f24b074b684d96a0e6b57aecb56015,0x83924520c42107ebdc81876747440e6e128f958bffe009220b65f51f7a1efd61,0xdaa076fdee50fc9ababc682cdd6f78d1e7442caa67c2eae61eadd03ec04fdfcf
0x44d9b944a670f698766cc3298e9e78ff8879f9704f26ab35d83c99321596dcc1,0xbbbf47340e288f6aec7a52f8387aa460d45da1592d17bfc5aea2fea85878efa2,0x9b78263624c7c2d9ddad37324040b0e1df78f991b7eca73f4fe2d6b5aa5a4a1
0x4901c7357b87cca5acc039fbf24a3ae6a7303a1e34f0d84d2235d1f949077c30,0xcf81ff73f256b080a308a396c14737ab096b2627b0f705e06e7a79e14cb780c8,0x23d73b241bc660ede0a2b700d968e6c1c9f1705b0f6ee514b4986d55bf209ff5
0x170ea169e5a1071a77d244241f3069d360f945ba59dfb1ffe438fd7109500cbb,0x9ebb8a4127c1fd9fa364c7f54391e515a54172b230dca119d2c5b2ec5f9c5370,0xbac1d785e4165faacd6cd4bef937b0e75a001e45db3805a0ca7f8aa93463ea7f
0x42a33c7e3429926d3ccc81626826dbe28f4abbe47e678cb65a1824641435ec52,0xd2d9781f305142b7310be41839bdf49bf057e96427ad391494d12cf5d9cfd69b,0xd4e83a31bc7e3ffccc9aa70d98d7b7e735097f8291c551cb72c3e45519bf3a3e
0x6bfe58179359ea462a6d4e38263939602141edd2c3099e8089d29026854c99c6,0x1c22559c4cd0e8677fb19927fdea874077c364aa7da4ac7a2d2c9fdeb2f055bb,0xf1156e587d4e81569b83b5ee32d9091fd02f83e3f0a881c608667bbd2ed1e1cb
0x2fefe2a3ea23a5430088f642862820b1ece7e456faf0c280875824faa8cfdd06,0x5525767b268cffa4adfdcd4c4476779f0821f53f0c55589e5186e409352ad5c,0xac53561f7951f10caf0b74bc9a2b27348dc333cf7cf4994dbd9fb75286d46d68
0x70a6d4ec2ae83737c3abc2cb9fa633f146f5e276d66222ec73a77e27b6f5df3a,0xfeacb0eee8d5fcb7f0f1e05f16f1dfd7e1de48354d19912a4048cba921dea948,0xedce0bbdb2de69725e6e0c3b09034b99d398e0ac99bfdb5498f8ab0d48b3095b
0x28c7d1169b4208c9724f19af0a9b77b8eec39a5419bb48249f01ae8d6a29d876,0x74bd147731c3d63616d810c3a8cee39efcd8a33037d2ca885c65acd69ff5f2c1,0xedcad0dda578900cc1751284285025be9b4b9ebba400cfb58e24f4d1bbf73b55
0xeab419249bce7f0c49e635bcd74ea215703d605da17d18e6877ead63b84b8d76,0xe636f87195fc9c2a9a9fe9de1eaede6e09e3b95672270c6729406f16e829669d,0x66be827026f1f711957cc1504c91dea840a826a730519dff1f1f7cc8c48a4819
0x71fa07ece805b64334e9a447d71d8718f7b5e5ccbfe9ae00aafde13da7767ad8,0xa7b503da5e6fd390333652eb642f61662f0cdab04e26ab7fd4861f8659753950,0xca2ecf5b3b2e9c7f8e94134785619dc4e5c14542266620abf1cfd8ce2119dab3
0x7572c6c56beb55800618cd769f80c117ad77505685b10ef27a1d4c1f9ce81363,0x1b139b1ec865b6032cfe9949a5d4af11ffc50a0b69dd212e866c3038612ef366,0xb69ed42aa6d30cb75c279330379ec2dbf5a029ad79fb09a22eb6873e506fc455
0xa9d39462d60aff02490ab410a2da22958f2a8b86c3f6d9e931431c948c202928,0x98e667aca7baf9e108f9028b1e39abb517690bb853463ddc6a01fbe80d856409,0x744fce572c8edd882c18e354479b4db0899d8439a5e6eacafe25cf62ba606231
0x91eec46577e0d4232971b62965a7f139b6c8baf8967960dbaed6a89a5c866ae6,0x70301d1091eb31d514d864fe7f21cc943bf4407dcf0dd98ee4625e0a5f68e81a,0x2913ef3e46721177f1fe220e965700461938a7d77ec7a74b3d9638510d1e35b
0xf399f84db9bfdd6a852b4997e32b2655f277d6a0d14b1e1d0028e5a3973d216e,0xa7dbc436937a070ef1a6a24c42ad1486bb6466edc83c3aed86af4aa134dc2568,0xecbd214efce80b5a8a56b1442eee726e773aeb07c38af671dfd1aaa5e633f95a
0x628f07a7c2dfb08d796965ae11b652561e3840a0f81f56d53045e3373513b61f,0x43db9e1b65496a4d56df1d38533b5781b5d135b6ffa78f5ceaceb954d6c2ece0,0xb8eb840fa6914f2601fd90825f414a956fead9ddbdc53b0ae367c8b060ce8707
0xec9c298f4d02c375fc46bda18e02d1a589f54228c3d0d29b57b4a3df72e45abb,0xdd590949cfa4f41fe6fbfac97b6f579d3a16e0a7faafa82eff8cfbfb89b78d36,0xb9ac954acd827d46ecba602e37380449205a1b952a9c73713a280e45ac6d2383
0xfdd3333ecf0bbeb1627a2b1bf4f3d31a52a0a34caa49b784b38277723fc300a1,0x17055ebfbfeb465af2be7a3e91d5e9e155b781755467a04fdd7dde60545df6c2,0xb50d2c712706c1e47745a70d79cd74a9ae87e2f4dee06a76209d0a855d9e0089
0x1e9df5ce602c12a4bc6e622342bbc376f9c4f0da907cae25feb92e2c7971ec79,0x14a73ca8401bfd1094974e11ac8030781e8a98c56a341551ed5b434524ec0c2d,0x952f4274f3acbd7c88ea11babb8176070c4ed78d814639b17ba1c3c1a830be49
0xa3df4f717e910fa2b93365905543aa51bce2a8a024a73e6593c66803782ee488,0x22f4956982b4cc8f548e4876199a1562def827b35f295cf5a4ee351d8038109,0x31f750200b0beb2d99ac7d8527621b696f050512c7b8b76323eb73b7a707a489
0xf40a0eefbf0107ad4d188259af097c1a077803bd89e13f45bdb0c3b20653eef8,0xff8db5c9e60b98611ac94f08cdc8302e9c6b1272fb2412c6315e3bd391059c25,0x75407fd6dfdef7783a040603664f1be98c155300f1f12b7bef88045b332b9a89
0x41e7a7425d8cededcdbbfd6c30c7b0f7e49d6581a054f0ca7a1ec384b0c52ad9,0xd5d471caadc018c2f77b2de44946b07db3ba86294a44d81c609863c5d36382e2,0xf5f2b3d9f5b01b4fa5c3e62ec33a4bdf7e9fee5895eee3118b9272873fd306b0
0x1376e63950f58a333b8c9cad8711c5cc1601635285e4f9d631ad0f22d3ce39ee,0x7899a55eb2fd7e118f30fe66988fa2d73a888281166093dd8b451199020156ac,0x2ccdb7f218a717c4f404ade5715775f9384cbea5313eb05d6b507ad4e66ae9f1
0x81bf8e39e920cb68a3c345b1d6541b0fa0741da0344dd918e5239c93f965a178,0xa66cc5f2688304dc4260c19077bacfe4df775d1f1723a82f9ba454f109c81a4e,0x8fedd43e710021f783b80c8153b160e903e0a287b4917c116537f4ce5f653b54
0xd350cf7e76ed15cab5ffa43d331e641a7a739bb9f232fb9e1b93108c00b48db9,0xe6ad41b5af7bf67da0af648435bc8247becdf438f5ef00073b48781bde46607b,0xd0db4e4a4ed236a9feceb7fb94a3bfdaf64cc8ab80b1b3f33aacd747955c0a86
0x8977abcbe5a0362b8c9febb5ebf6b92f0197116ec65e7db74ff05028d6dba0c1,0x5d13dfedb2383210abc76e38b76d34ed40f299a20beed270c2a5f9f94bcd4da7,0x9f6fd8ad5408bc5d16d7cd30f2f7ad4ed60a620534fc228c2d7865be9a9a4cdf
0x5ce23bd63dca67a14336a932cf491f144b415f357a2f462bb42b76bf91bb539d,0x4ad8fb61b5a3513f604330d3e3849425071a6beb27d6bfda3a42461d006a49b7,0xc75483caf7ed34f35a13f849115b0984838c848f55cd695182d166e569b7692f
0xae3e13aef150e68c725cfba5fb9e3eaae8d96c076ea16f9a947bccc32b56fd68,0x1e99c5f01bcfbc8916cd8f3d4692607948f996969cfa5850d1287950a9834d4f,0x46884d811e80778b1864474c0b1659b09113b625741ddbbf0d997b7386878f17
0x20c9f2ec2adaf2d4820ed7abb93d92b9b8b5cf3622c81fef8f68de1db6064ec9,0xf981473acaaf77b2a160253ea038d8f608a83e5db5270bc624989e78ae9a3fea,0x8dda552e3036d6f1693f0d5280b87e05561fe4ccfd5e5044270093455c00efa9
0x475ce7e18b0c7c86723e111a687964002e22dc2fcb9ecea23bd82bc1b1c306ca,0x5c96ff8e06a2e641af0cac496bac9246aaf43459c1ceccd8331bcdfccc8c81a3,0xec2eb96ed5adbef4cabad57f8687cc875a594ce0c6a86c8b2206324765be50e0
0xe46de4ad025ebc0ef056dd07e3e8e586e550c43071cfd8bbc118ef598afaedd9,0x16b0d80749e7c97197032a41903e976a956e37549bea9933e8c778384a68aa5,0x73ff28d9c4a81196878d9ca7154e9de9ce985b0095fb1458b1cde96a55cd960a
0x7c65526baeb1d3471f4fcc3ae31866cf70d92e86395e946e2e081c292ab63217,0xb7823eb1ebc920271383bc621078d1fb7e118eca2698779bac8f846a29b019ed,0xb343ad27af1e64a75a792c0da22460fddabf36c6119b6a5577425b2320742d7b
0x69bafb5adfecbd0c67db94a70e4e3b18b486ce055c04b9c0415b587c4472d9c7,0x41409bc115a52d480de993315817a8e0428a504b95d81cabe6728b426184e240,0x75378b4e98d03c746086b201f1be76ef41f4552d3b65acb0feb0d218fe7f7df5
0x442e59fa24bab5ab102b03ca9ae4b154275fd2ba768b7cce4f6f3dd99ce0fb85,0x20a662082e035bd9515a71ec080787e15ced76bfd76d468dab0af3073b0120c1,0x7ffb37d317d0c918aae09602c0e6fdfb37463ab83bf745d5e8b577b87d13362b
0xd5aae756363ee57de31781db09ad7deffe0282d4ba43c866c5f096776a2f617d,0x4dcd390ef7cc0fc027eadab3441ecbc172ad1a0deed15952720a8884b4503666,0xc07f17abfe107d193aa1d5db2a0639794c4aefdd328fe8f05f99cec51a7cd1b5
0x1e381bc9664b981e359e17cc0d1883b8bfa543d8224be1c95c15d56bc5ea338f,0xc186cf6c9d006a62c671f44efece4351ed7f8888344517bd42d7b0c96a2bc7fa,0x8ab3d5ed0fb4c369b1ef0e45ec48c07f8a1c7fc633e010a33ffa78b9f78c5db9
0x96aa5e5b316a1953376c47203bb128648ab0a4f6c4c8e4dbd996c9fbf6420441,0xeb47590798bf19f6613ed391c911def08a806b9cba69927570442a44678ab13f,0xa25f22160179aa3cb14b6ff94a08ab1d902506a3a09ff14622e489fa39b4453a
0x2382900f3ea61276390ec1adb9b136579d4aeb132c14b6897e4694269638160,0xbb49f2efc1f629eb898566e505d06d6b719e66d82de58c6cdf245e3090ea74db,0x82eda95dfd0ed33d705b3e3a3c3cfec2e96cfb2c44c458fec4b066b9bd6f96a9
0xe6503bec8c3ad9ee18b3753d9e75ee591871240d467ebc3e392ce35775e48d82,0xbf90e3f1b91d61dbdf18e8d1afab89ddd78fee7c5aa528b79ae31bc39a1112db,0x95aadd6458c4eec9fe69fee35676e7cdaa803aed73999bc2820947bb2b4cddd5
0x5a5514efcb314afed1dc4971264b79de605e79ec842feaceaadcec63c28c168b,0xf3e51168fc15fb3a053ea92a011bc3fe6b49fb9c0c8b7810af9166d5ebbdbace,0x5c44bdaea43f96ba10a9c76fa702e7355bdf17870ef5b2def47cac1feb87c7d6
0x93baee97a77a3cb56be0882364f5bcb5334826cf59347fa970cf974462915cee,0x11dc7f9ea97ddfa969fed13e9ba560552c26d87e415c4436ee414f369fad0085,0x37659092f297a834fb00d3cc556cb16686e1ab831257742d07241c2e63f02878
0x5fc67a911e1a5bf77fc315bb0d1be22633a096aec49c64fd54db4435ef8e6376,0xef42757905f12d19adc7713ea5b8dd96fac21016a5ee6228c16641eddff3c27,0x6b678f1bf82fc6c1036ca4ccc695ae459182be47723e456a18d2db71de61ea79
0xb841f4be028d8e745d3d3fa6538281cfe3709075c1d274cc963c5d14ce59d311,0xdf8a334bf6a2e41d15ac25131317d47488c5a02b077100b44f59b8225d429289,0x448bb5ac99f93ad0e7eeeb4afd8963fcd37f03e3b3e4c1d3f4fa15c944591278
0x7d17ea36c5d52f70556f6a8aa53f21fc24ad60bfac2effea5654d47f011587f7,0x3c6aaa897b4e51e905b26f8dce0994ac42b1882496ef7fe50c8daf846513af98,0xc95b9268a01ceefe774c0f881ab8619398ea9f2f0534b8ce8e71671fa79e059b
0xb2434230faeaac99102e034466597aca5cb37098aa0026acdbd25f4d203007ce,0xa395f349b9bfc3f0cdd6b341fb465b338aed5214b914183143c1d778ae73b8f0,0x76d651fbc822e097fce60872638cfcde1cfdccf99488e9f2db9fc79de89c9ff4
